{
  "confusion_matrix": [
    [
      21,
      78,
      7,
      11,
      32,
      0,
      0
    ],
    [
      4,
      11,
      44,
      61,
      27,
      0,
      0
    ],
    [
      33,
      13,
      26,
      26,
      10,
      0,
      0
    ],
    [
      56,
      9,
      15,
      3,
      1,
      0,
      0
    ],
    [
      0,
      28,
      1,
      9,
      24,
      0,
      0
    ],
    [
      31,
      16,
      8,
      0,
      2,
      0,
      0
    ],
    [
      2,
      46,
      0,
      0,
      4,
      0,
      0
    ]
  ],
  "genre_labels": [
    "hard rock",
    "alternative rock",
    "pop rock",
    "rock",
    "alternative metal",
    "blues rock",
    "heavy metal"
  ],
  "community_labels": [
    1,
    0,
    3,
    2,
    4
  ],
  "row_sums": [
    149,
    147,
    108,
    84,
    62,
    57,
    52
  ],
  "col_sums": [
    147,
    201,
    101,
    110,
    100,
    0,
    0
  ],
  "metrics": {
    "average_purity": 0.4158402202693616,
    "average_completeness": 0.5415380112095263
  }
}