{
  "confusion_matrix": [
    [
      105,
      18,
      13,
      13,
      0,
      0,
      0
    ],
    [
      50,
      2,
      89,
      6,
      0,
      0,
      0
    ],
    [
      15,
      30,
      47,
      16,
      0,
      0,
      0
    ],
    [
      5,
      54,
      17,
      8,
      0,
      0,
      0
    ],
    [
      59,
      0,
      3,
      0,
      0,
      0,
      0
    ],
    [
      16,
      28,
      7,
      6,
      0,
      0,
      0
    ],
    [
      50,
      2,
      0,
      0,
      0,
      0,
      0
    ]
  ],
  "genre_labels": [
    "hard rock",
    "alternative rock",
    "pop rock",
    "rock",
    "alternative metal",
    "blues rock",
    "heavy metal"
  ],
  "community_labels": [
    2,
    1,
    0,
    3
  ],
  "row_sums": [
    149,
    147,
    108,
    84,
    62,
    57,
    52
  ],
  "col_sums": [
    300,
    134,
    176,
    49,
    0,
    0,
    0
  ],
  "metrics": {
    "average_purity": 0.3962993762633954,
    "average_completeness": 0.6846517037757092
  }
}